iter	MultiClass
0	1.440938466
1	1.329315169
2	1.262272332
3	1.216033495
